Subsystem,Manufacturer,Product,MPN,Distributor,Distributor_PN,URL_or_Search,Qty,Unit_Cost_Est_USD,Unit_Weight_g,Notes
Compute,NVIDIA,Jetson Orin Nano 8GB Developer Kit,Developer Kit (8GB),Arrow/Mouser/Digikey,TBD,Search: NVIDIA Jetson Orin Nano 8GB Dev Kit,1,320,350,Edge AI module + carrier
Camera,Arducam,12MP IMX477 HQ Camera,IMX477,Arducam,TBD,Search: Arducam IMX477 HQ Jetson,1,70,40,C/CS mount
Lens,Generic,6mm CS lens,6mm CS,Arducam/Generic,TBD,Search: 6mm CS lens IMX477,1,25,20,IR-cut
Mic Array,Seeed Studio,ReSpeaker 4-Mic Array,107100001,Seeed/Mouser,107100001,Search: ReSpeaker 4-Mic Array Pi,1,45,40,I2S
IMU,TDK InvenSense,ICM-20948 breakout,ICM-20948,SparkFun/Adafruit,TBD,Search: ICM-20948 breakout,1,12,2,I2C
BLE Dongle,TP-Link,USB BLE 5.x Nano,UB500,Retail,UB500,Search: TP-Link UB500,1,15,6,BLE GATT
LED Ring,Generic,APA102 24-LED Ring,APA102-24,Adafruit/etc,TBD,Search: APA102 24 ring,1,20,15,SPI
Diffuser,Acrylic (Opal),70 mm Ø × 2 mm,Custom,Local,N/A,Search: Opal acrylic 2mm,1,3,10,Laser cut
Haptic,Precision Microdrives,10 mm LRA Coin,C10 series,PMD,TBD,Search: 10mm LRA coin motor,1,10,2.2,3 V
Haptic Driver,Texas Instruments,Haptic Driver,DRV2605L,Adafruit/Mouser,TBD,Search: DRV2605L breakout,1,10,1,I2C
Coil Driver,TI / Maxim,Half-bridge/Class-D,DRV8912/MAX9744,Mouser/Digikey,TBD,Search: DRV8912 eval or MAX9744,1,30,15,PWM
Coil Wire,Copper Magnet Wire,AWG26 enamel,AWG26-ENAMEL,McMaster/Amazon,TBD,Search: magnet wire AWG26,1,9,12,~3.8 m
Heatsink,Generic,50×50×15 mm,HS-50x50x15,Amazon/McMaster,TBD,Search: heatsink 50x50x15,1,12,35,Aluminum
Graphite Pad,Generic,40×40×0.5 mm,GRAPHITE-0.5,Mouser/Digikey,TBD,Search: thermal graphite 0.5mm,1,6,2,Spread
Powerbank,Anker/Baseus/etc,"10,000 mAh USB-C PD",PB-10K-PD,Retail,TBD,Search: 10000 mAh 25W PD,1,45,225,PDO 5/9/12V
Enclosure,SLS Nylon (PA12),110×110×90 mm shell,Custom,Xometry/Shapeways,N/A,Search: SLS PA12 custom print,1,120,180,Heat-set inserts
Iris Glass,AR-coated glass,Ø 40 × 2 mm,Custom,Edmund/Local,TBD,Search: AR coated glass disc 40mm,1,15,8,AR both sides
CSI Ribbon,Arducam,CSI ribbon 15–30 cm,CSI-22p,Arducam,TBD,Search: IMX477 CSI ribbon,1,4,4,Shielded
Harnesses,JST,SH/GH precrimp cables,Assorted,Adafruit/SparkFun,TBD,Search: JST SH 4-pin,2,6,12,Signal
Ferrites,TDK,Snap-on ferrite beads,ZCAT,Mouser/Digikey,TBD,Search: snap-on ferrite 3-5mm,2,2,4,Coil leads
Copper Tape,3M/Generic,10 mm copper tape,1181 or equiv.,McMaster/Amazon,TBD,Search: copper tape 10mm,1,6,8,EMI
Fasteners,Stainless A2,"M2×6 (12), M3×8 (8)",Assorted,McMaster,TBD,Search: M2x6 M3x8 screws,1,5,20,+ M2 standoffs 8x
Gasket,Silicone O-ring,Ø 40 × 2 mm,Custom,McMaster,TBD,Search: silicone O-ring 40x2,1,2,1,Iris seal
Adhesives,3M/Loctite,VHB + Loctite 222,VHB/222,McMaster/Amazon,TBD,Search: VHB 0.5mm; Loctite 222,1,8,6,Threadlocker
